Store_ID,Month,Gross_Revenue,COGS,Gross_Profit,Operating_Expenses,Net_Profit,Gross_Margin_Pct,Net_Margin_Pct,Transactions_Count,Avg_Basket_Size,Returns_Amount,,,
STR001,2022-01,233070.01,144754.62,88315.39,90414.28,2098.89,37.89,-0.9,1438,1055.86,18239.95,,,
STR002,2022-01,395997.76,276578.22,119419.54,57426.99,61992.55,30.16,15.65,1364,2255.49,21907.03,,,
STR003,2022-01,1037713.82,527079.29,510634.53,68045.06,442589.47,49.21,42.65,2726,1125.77,30172.51,,,
STR004,2022-01,1707705.6,1089841.19,617864.41,100201.14,517663.27,36.18,30.31,1769,1061.43,60136.51,,,
STR005,2022-01,233070.01,754696.12,666419.99,195895.06,470524.93,46.89,33.11,2559,2046.83,36561.33,,,
STR006,2022-01,776834.87,523962.12,252872.75,115606.22,137266.53,32.55,17.67,1932,1186.87,3938.19,,,
STR007,2022-01,231581.14,119237.49,112343.65,128881.26,16537.61,48.51,-7.14,798,1322.98,16272.14,,,
STR008,2022-01,670997.49,359590.18,311407.31,176144.29,135263.02,46.41,20.16,2438,356.55,41009.48,,,
STR009,2022-01,1678457.66,764148.99,914308.67,194356.88,719951.79,54.47,42.89,2681,411.39,99290.8,,,
STR010,2022-01,949554.18,445539.24,504014.94,160603.08,343411.86,53.08,36.17,2972,601.78,24966.27,,,
STR001,2022-02,1102252.63,719741.44,382511.19,136384.7,246126.49,34.70,22.33,1785,3149.29,71854.41,,,
STR002,2022-02,1270944.18,822080.88,448863.3,60161.28,388702.02,35.32,30.58,2065,2697.87,36622.37,,,
STR003,2022-02,530035.53,360061.67,169973.86,86155.75,83818.11,32.07,15.81,1530,1750.51,1283.29,,,
STR004,2022-02,1347634.4,677474.93,670159.47,154841.39,515318.08,49.73,38.24,1613,473.84,28504.68,,,
STR005,2022-02,1936446.3,974628.84,961817.46,37749.71,924067.75,49.67,47.72,910,1373.61,18705.37,,,
STR006,2022-02,821407.85,469481.18,351926.67,119536.04,232390.63,42.84,28.29,702,1804.52,34952.84,,,
STR007,2022-02,443895.31,217875.9,226019.41,76353.96,149665.45,50.92,33.72,1918,2335.99,33919.15,,,
STR008,2022-02,1983280.82,1328860.46,654420.36,50252.8,604167.56,33.00,30.46,2043,1306.59,59710.49,,,
STR009,2022-02,1638094.38,759532.09,878562.29,185967.74,692594.55,53.63,42.28,2950,1066.96,72433.64,,,
STR010,2022-02,711706.25,494873.28,216832.97,50738.46,166094.51,30.47,23.34,1730,2189.08,54159.13,,,
STR001,2022-03,253038.62,148972.65,104065.97,77632.95,26433.02,41.13,10.45,821,1393.72,7952.43,,,
STR002,2022-03,264512.08,169850.61,94661.47,84879.71,9781.76,35.79,3.7,1752,2924.85,16049.37,,,
STR003,2022-03,1055601.85,567766.23,487835.62,108411.09,379424.53,46.21,35.94,899,1203.22,29439.93,,,
STR004,2022-03,1675155.82,775816.25,899339.57,108882.54,790457.03,53.69,47.19,2150,1264.37,99993.47,,,
STR005,2022-03,454226.24,251545.3,202680.94,148370.28,54310.66,44.62,11.96,2466,828.02,8853.58,,,
STR006,2022-03,1685682.23,1137604.23,548078,106836.33,441241.67,32.51,26.18,1567.588235,2859.69,127486.84,,,
STR007,2022-03,287686.82,150436.05,137250.77,138620.91,1370.14,47.71,-0.48,514,1944.37,17639.63,,,
STR008,2022-03,1027381.23,470761.44,556619.79,124633.31,431986.48,54.18,42.05,1441,3131.04,13491.1,,,
STR009,2022-03,756683.3,521824.62,234858.68,91685.37,143173.31,31.04,18.92,699,2011.71,14309.3,,,
STR010,2022-03,1706558.98,833558.27,873000.71,43780.75,829219.96,51.16,48.59,2901,1835.54,85786.23,,,
STR001,2022-04,447069.22,282758.95,164310.27,118522.03,45788.24,36.75,10.24,2977,2259.83,22372.22,,,
STR002,2022-04,1717957.33,800965.77,916991.56,110038.86,806952.7,53.38,46.97,699,2522.78,37715.15,,,
STR003,2022-04,1234420.86,712245.3,522175.56,98966.62,423208.94,42.30,34.28,638,1342.78,64135.71,,,
STR004,2022-04,1554370.14,906400.18,647969.96,94566.14,553403.82,41.69,35.6,1797,1818.69,18049.33,,,
STR005,2022-04,1247574.44,603006.02,644568.42,164478.89,480089.53,51.67,38.48,2789,2259.81,77615.26,,,
STR006,2022-04,1655832.58,1134607.9,521224.68,41156.69,480067.99,31.48,28.99,1567.588235,579.39,51752.39,,,
STR007,2022-04,529845.5,250949.22,278896.28,157946.85,120949.43,52.64,22.83,2427,1332.34,13403.41,,,
STR008,2022-04,975226.01,515031.41,460194.6,96143.68,364050.92,47.19,37.33,648,2120.34,38272.06,,,
STR009,2022-04,996325.04,450305.57,546019.47,193327.15,352692.32,54.80,35.4,1246,1262.84,74630.52,,,
STR010,2022-04,684773.18,420794.2,263978.98,86002.58,177976.4,38.55,25.99,379,2399.75,52091.84,,,
STR001,2022-05,609370.36,310833.85,298536.51,55967.36,242569.15,48.99,39.81,1479,3211.15,16052.51,,,
STR002,2022-05,1148694.92,667577.32,481117.6,148291.01,332826.59,41.88,28.97,2706,486.19,52506.12,,,
STR003,2022-05,1626375.69,948480.17,677895.52,98138.8,579756.72,41.68,35.65,1893,1063.44,31706.66,,,
STR004,2022-05,1766499.92,800163.98,966335.94,187627.83,778708.11,54.70,44.08,2038,1522.41,44613.11,,,
STR005,2022-05,228134.59,130434.1,97700.49,31079.43,66621.06,42.83,29.2,934,3263.64,12898.57,,,
STR006,2022-05,233070.01,359856.82,162004.46,43081.04,118923.42,31.04,22.79,874,1183.02,29102.41,,,
STR007,2022-05,1720990.79,1118591.18,602399.61,76148.03,526251.58,35.00,30.58,1667.428571,606.67,79860.39,,,
STR008,2022-05,1196811.02,699952.65,496858.37,109869.12,386989.25,41.52,32.34,2502,3033.92,48512.5,,,
STR009,2022-05,1562002.27,819044.83,742957.44,176100.85,566856.59,47.56,36.29,856,3230.85,78893.95,,,
STR010,2022-05,784847.84,496719.45,288128.39,154834.33,133294.06,36.71,16.98,2531,713.82,54203.4,,,
STR001,2022-06,1176020.75,589997.05,586023.7,53558.01,532465.69,49.83,45.28,2417,2488.96,19033.68,,,
STR002,2022-06,1962829.9,1142831.52,819998.38,44903.86,775094.52,41.78,39.49,2677,3288.45,154871.75,,,
STR003,2022-06,486236.52,277443.48,208793.04,41230.19,167562.85,42.94,34.46,1052,2904.53,22988.1,,,
STR004,2022-06,1154456.16,795382.99,359073.17,46551.93,312521.24,31.10,27.07,2376,2339.76,88309.77,,,
STR005,2022-06,1268714.94,660915.34,607799.6,147895.6,459904,47.91,36.25,2149,2515.55,20924.68,,,
STR006,2022-06,1093391.72,731203.84,362187.88,118516.9,243670.98,33.13,22.29,2769,372.61,36435.02,,,
STR007,2022-06,1681966.67,762308.36,919658.31,118089.03,801569.28,54.68,47.66,1727,2792.19,55436.88,,,
STR008,2022-06,904492.68,518882.83,385609.85,195048.03,190561.82,42.63,21.07,1612.342857,2464.76,55461.38,,,
STR009,2022-06,1783041.05,1144151.1,638889.95,99069.1,539820.85,35.83,30.28,338,1176.92,11424.95,,,
STR010,2022-06,1642804.33,855471.47,787332.86,165684.99,621647.87,47.93,37.84,489,2050.9,79155.77,,,
STR001,2022-07,448597.35,279087.23,169510.12,182769.34,13259.22,37.79,-2.96,753,1676.21,32622.07,,,
STR002,2022-07,716937.15,431747.55,285189.6,83803.05,201386.55,39.78,28.09,2352,2140.46,35746.15,,,
STR003,2022-07,1611765.16,900716.31,711048.85,163845.55,547203.3,44.12,33.95,2430,2521.23,22317.85,,,
STR004,2022-07,977214.58,664027.57,313187.01,175920.46,137266.55,32.05,14.05,1572,1165.04,62722.82,,,
STR005,2022-07,1351686.27,785021.15,566665.12,100045.33,466619.79,41.92,34.52,914,2253.72,4068.17,,,
STR006,2022-07,1428326.07,975447.25,452878.82,110563.84,342314.98,31.71,23.97,1920,1720.35,73665.57,,,
STR007,2022-07,1857633.28,911647.07,945986.21,67038.96,878947.25,50.92,47.32,2261,1007.56,28000.74,,,
STR008,2022-07,711987.57,331327.68,380659.89,130378.78,250281.11,53.46,35.15,725,2978.19,19871.67,,,
STR009,2022-07,1603022.03,918408.13,684613.9,155280.13,529333.77,42.71,33.02,1562,2595.64,112437.4,,,
STR010,2022-07,366591.82,188351.57,178240.25,70813.62,107426.63,48.62,29.3,1833,585.4,24997.04,,,
STR001,2022-08,1586090,973951.16,612138.84,126023.53,486115.31,38.59,30.65,847,1315.99,70719.35,,,
STR002,2022-08,1868789.66,1127950.04,740839.62,114387.48,626452.14,39.64,33.52,2788,1892.77,120795.63,,,
STR003,2022-08,1405289.35,892136.37,513152.98,151024.5,362128.48,36.52,25.77,2193,665.83,67012.68,,,
STR004,2022-08,659619.05,393162.11,266456.94,108388.46,158068.48,40.40,23.96,2965,2697.09,38749.37,,,
STR005,2022-08,524000.84,301285.76,222715.08,191550.67,31164.41,42.50,5.95,2768,2944.75,12626.31,,,
STR006,2022-08,724730.23,337533.96,387196.27,178204.93,208991.34,53.43,28.84,1151,2971.83,30126.77,,,
STR007,2022-08,1814702.12,1094913.39,719788.73,171340.75,548447.98,39.66,30.22,2353,3007.42,103444.86,,,
STR008,2022-08,1535702.84,701393.82,834309.02,181528.29,652780.73,54.33,42.51,1597,1517.83,52600.67,,,
STR009,2022-08,1676434.36,1099908.95,576525.41,148741.97,427783.44,34.39,25.52,2273,512.38,56444.95,,,
STR010,2022-08,493293.23,318111.55,175181.68,78439.1,96742.58,35.51,19.61,2879,793.23,11781.68,,,
STR001,2022-09,1907482.82,914822.7,992660.12,83991.59,908668.53,52.04,47.64,796,2626.65,116804.33,,,
STR002,2022-09,233070.01,909945.11,880649.52,79382.97,801266.55,49.18,44.75,992,305.06,3436.05,,,
STR003,2022-09,785680.57,372737.45,412943.12,105686.76,307256.36,52.56,39.11,1461,3358.83,4375.15,,,
STR004,2022-09,1259703.72,628253.83,631449.89,87359.12,544090.77,50.13,43.19,936,1302.46,1066.01,,,
STR005,2022-09,953814.57,562204.63,391609.94,62623.49,328986.45,41.06,34.49,2371,3425.73,47226.86,,,
STR006,2022-09,804579.26,478464.1,326115.16,141479.29,184635.87,40.53,22.95,1536,1855.67,42858.67,,,
STR007,2022-09,1464076.8,952594.35,511482.45,100948.86,410533.59,34.94,28.04,512,673.01,15370.72,,,
STR008,2022-09,1985501.94,1097947.63,887554.31,39596.37,847957.94,44.70,42.71,1200,1092.36,102941.58,,,
STR009,2022-09,1512616.87,887803.14,624813.73,85550.62,539263.11,41.31,35.65,312,2738.32,77612.11,,,
STR010,2022-09,1641980.76,1040970.35,601010.41,186688.97,414321.44,36.60,25.23,2671,720.12,87421.72,,,
STR001,2022-10,1784237.42,987593.32,796644.1,99912.8,696731.3,44.65,39.05,1463.333333,2685.95,117288.42,,,
STR002,2022-10,1325829.34,635710.55,690118.79,174171.86,515946.93,52.05,38.92,2720,3496.76,43915.83,,,
STR003,2022-10,395740.34,258622.91,137117.43,161128.37,24010.94,34.65,-6.07,1786.441176,1347.71,20419.86,,,
STR004,2022-10,215257.1,100522.48,114734.62,99912.29,14822.33,53.30,6.89,2351,632.5,7679.38,,,
STR005,2022-10,1752915.91,1221248.68,531667.23,116281.93,415385.3,30.33,23.7,2101,2765.06,92459.61,,,
STR006,2022-10,1154299.21,677708.89,476590.32,107861.21,368729.11,41.29,31.94,2523,722.25,72891.53,,,
STR007,2022-10,231282.92,124211.07,107071.85,147478.62,40406.77,46.29,-17.47,769,2914.52,16462.28,,,
STR008,2022-10,1266557,858215.55,408341.45,41135.04,367206.41,32.24,28.99,1448,666.31,17202.81,,,
STR009,2022-10,530731.32,297661.32,233070,138986.8,94083.2,43.91,17.73,212,1582.12,26676.52,,,
STR010,2022-10,1697695.17,981545.05,716150.12,113235.92,602914.2,42.18,35.51,1789,1824.61,76471.94,,,
STR001,2022-11,1346325.32,854357.72,491967.6,55832.7,436134.9,36.54,32.39,969,641.67,19898.31,,,
STR002,2022-11,800826.06,472570.56,328255.5,138375.6,189879.9,40.99,23.71,246,2349.98,44206.69,,,
STR003,2022-11,233070.01,156701.85,153966.15,53615.85,100350.3,49.56,32.3,2578,3190.42,15810.09,,,
STR004,2022-11,594949.39,309864.07,285085.32,62823.52,222261.8,47.92,37.36,297,2282.07,2707.35,,,
STR005,2022-11,697567.85,347688.57,349879.28,165424.21,184455.07,50.16,26.44,2143,1892.05,8915.45,,,
STR006,2022-11,509126.83,262201.27,246925.56,112321.33,134604.23,48.50,26.44,1380,2763.2,1927.31,,,
STR007,2022-11,1275767.55,817636.09,458131.46,88147.67,369983.79,35.91,29,1447,392.03,83136.58,,,
STR008,2022-11,1169150.26,537042.63,632107.63,141820.52,490287.11,54.07,41.94,1930,2117.76,84310.68,,,
STR009,2022-11,764699.24,359835.35,404863.89,56829.81,348034.08,52.94,45.51,2315,2583.4,46959.1,,,
STR010,2022-11,32,614533.72,346993.32,167869.04,179124.28,36.09,18.63,2714,896.34,48513.75,,,
STR001,2022-12,1572405.47,948153.26,624252.21,75366.64,548885.57,39.70,34.91,2522,2259.56,75017.67,,,
STR002,2022-12,657951.54,307236.4,350715.14,81048.28,269666.86,53.30,40.99,2452,1336.56,322.73,,,
STR003,2022-12,200331.81,97497.75,102834.06,55366.79,47467.27,51.33,23.69,2376,1232.81,9865.49,,,
STR004,2022-12,1269449.45,854963.72,414485.73,66860.2,347625.53,32.65,27.38,2655,2341.87,71909.24,,,
STR005,2022-12,1860811.47,862498.96,998312.51,91912.82,906399.69,53.65,48.71,1058,1690.95,49764.74,,,
STR006,2022-12,835617.61,471272.99,364344.62,58281.72,306062.9,43.60,36.63,858,2577.8,19068.57,,,
STR007,2022-12,600244.13,398684.43,201559.7,54201.09,147358.61,33.58,24.55,1128,1283.77,10076.47,,,
STR008,2022-12,679913.99,424259.27,255654.72,129958.17,125696.55,37.60,18.49,1496,1508.76,21229.68,,,
STR009,2022-12,1368525.02,660345.12,708179.9,130982.74,577197.16,51.75,42.18,1880,2836.46,34968.46,,,
STR010,2022-12,367305.43,212425.72,154879.71,195456.2,40576.49,42.17,-11.05,2970,1017.54,20164.67,,,
STR001,2023-01,615642.28,281053.71,334588.57,43510.82,291077.75,54.35,47.28,2152,729.08,41673.48,,,
STR002,2023-01,1434504.42,767948.16,666556.26,153147.43,513408.83,46.47,35.79,2723,3372.36,95485.52,,,
STR003,2023-01,1004887.58,503866.13,501021.45,179162.31,321859.14,49.86,32.03,1427,2124.88,73413.41,,,
STR004,2023-01,415958.8,276242.48,139716.32,52084.23,87632.09,33.59,21.07,2888,2744.34,21560.17,,,
STR005,2023-01,1649276.61,1054880.63,594395.98,37363.97,557032.01,36.04,33.77,414,3259.56,23206.99,,,
STR006,2023-01,1951770.96,1287842.73,663928.23,147786.08,516142.15,34.02,26.44,2929,2842.26,25178.58,,,
STR007,2023-01,1965997.22,1093490.15,872507.07,159714.03,712793.04,44.38,36.26,657,548.75,121843.43,,,
STR008,2023-01,1230569.56,802431.82,428137.74,47009.64,381128.1,34.79,30.97,2965,958.91,48901,,,
STR009,2023-01,1061057.86,672491.07,388566.79,74315.58,314251.21,36.62,29.62,2629,2945.66,67867.69,,,
STR010,2023-01,479125.46,274936.83,204188.63,137025.13,67163.5,42.62,14.02,2349,568.7,17946.86,,,
STR001,2023-02,1043774.3,639199.18,404575.12,61276,343299.12,38.76,32.89,1787,1872.63,11482.58,,,
STR002,2023-02,549228.04,361642.68,187585.36,186787.56,797.8,34.15,0.15,2162,3231.72,35029.96,,,
STR003,2023-02,748190.24,513133.8,235056.44,103903.6,131152.84,31.42,17.53,1610,3468.93,34879.25,,,
STR004,2023-02,1645760.12,816613.26,829146.86,48843.66,780303.2,50.38,47.41,954,1110.67,61479.75,,,
STR005,2023-02,1613885.63,921956.94,691928.69,49731.06,642197.63,42.87,39.79,1163,2608.49,76524.86,,,
STR006,2023-02,410451.2,286676.87,123774.33,127669.28,3894.95,30.16,-0.95,2005,1133.3,6058.15,,,
STR007,2023-02,1563201.26,720056.2,843145.06,48328.95,794816.11,53.94,50.85,2902,1943.13,7411.48,,,
STR008,2023-02,1660622.92,1024350.08,636272.84,58326.63,577946.21,38.32,34.8,1426,1462.67,57921.35,,,
STR009,2023-02,557594.7,308697.87,248896.83,60921.17,187975.66,44.64,33.71,1745,3323.22,39448.33,,,
STR010,2023-02,342529.64,222776.54,119753.1,81066.85,38686.25,34.96,11.29,723,2489.8,8231.91,,,
STR001,2023-03,547867.69,250954.84,296912.85,159971.61,136941.24,54.19,25,261,3261.39,41646.62,,,
STR002,2023-03,1362174,776948.47,585225.53,136624.08,448601.45,42.96,32.93,2399,3166.97,50397.18,,,
STR003,2023-03,1300683.36,751282.47,549400.89,174098.25,375302.64,42.24,28.85,1404,499.71,93761.13,,,
STR004,2023-03,1885127.71,1149353.18,735774.53,186858.22,548916.31,39.03,29.12,1332,2761.95,104394.07,,,
STR005,2023-03,786750.17,393129.5,393620.67,145064.93,248555.74,50.03,31.59,1534,1036.2,6931.76,,,
STR006,2023-03,1212477.04,556129.6,656347.44,83880.44,572467,54.13,47.21,1608,773.42,43496.8,,,
STR007,2023-03,414059.99,212517.58,201542.41,41262.05,160280.36,48.67,38.71,2934,332.87,3196.66,,,
STR008,2023-03,1094513.08,724385.45,370127.63,163815.43,206312.2,33.82,18.85,2394,985.06,23217.26,,,
STR009,2023-03,604076.84,415017.28,189059.56,186929.1,2130.46,31.30,0.35,2850,2258.41,11052.54,,,
STR010,2023-03,647576.31,360656.59,286919.72,126651.07,160268.65,44.31,24.75,2456,544.9,2336.19,,,
STR001,2023-04,600597.58,371070.07,229527.51,64481.71,165045.8,38.22,27.48,1037,511.64,44545.28,,,
STR002,2023-04,1665499.92,1135783.5,529716.42,39523.79,490192.63,31.81,29.43,2334,1257.9,96594.22,,,
STR003,2023-04,1942219.13,874408.08,1067811.05,125205.14,942605.91,54.98,48.53,1671,651.03,43848.98,,,
STR004,2023-04,1401642.56,900597.26,501045.3,73747.22,427298.08,35.75,30.49,503,1187.32,6995.58,,,
STR005,2023-04,610007.72,310664.48,299343.24,100141.23,199202.01,49.07,32.66,1019,1501.7,10768.48,,,
STR006,2023-04,1955838.22,1141057.02,814781.2,50653.3,764127.9,41.66,39.07,302,1594.6,78142.3,,,
STR007,2023-04,422828.4,253886.46,168941.94,129892.52,39049.42,39.96,9.24,1019,891.3,11891.07,,,
STR008,2023-04,735176.48,436239.15,298937.33,166782.51,132154.82,40.66,17.98,2758,2677.24,5408.42,,,
STR009,2023-04,360157.82,203707.5,156450.32,74503.14,81947.18,43.44,22.75,891,459.31,17806.32,,,
STR010,2023-04,393737.91,219008.2,174729.71,46062.34,128667.37,44.38,32.68,2906,2604.99,25603.19,,,
STR001,2023-05,1974129.75,1316314.68,657815.07,113290.29,544524.78,33.32,27.58,1463.333333,3073.68,140176.94,,,
STR002,2023-05,767905.11,448434.6,319470.51,65404.62,254065.89,41.60,33.09,1558,2858.51,54553.79,,,
STR003,2023-05,256132.54,142903.74,113228.8,130327.86,17099.06,44.21,-6.68,2760,1318.01,7843.59,,,
STR004,2023-05,899462.77,628715.16,270747.61,73900.56,196847.05,30.10,21.88,1284,869.37,4993.71,,,
STR005,2023-05,1047782.47,598390.59,449391.88,181383.1,268008.78,42.89,25.58,793,991.73,51084.3,,,
STR006,2023-05,461691,260629.27,201061.73,84437.05,116624.68,43.55,25.26,217,3404.48,20172.04,,,
STR007,2023-05,363402.76,240378.34,123024.42,190113.65,67089.23,33.85,-18.46,2574,1413.08,4667.76,,,
STR008,2023-05,1719536.39,814515.85,905020.54,87262.47,817758.07,52.63,47.56,475,2112.57,73054.66,,,
STR009,2023-05,1280706.92,624104.88,656602.04,192865.59,463736.45,51.27,36.21,896,3331.18,12023.33,,,
STR010,2023-05,839823.74,500864.14,338959.6,160669.95,178289.65,40.36,21.23,266,664.59,44448.73,,,
STR001,2023-06,969600.23,624474.6,345125.63,133348.09,211777.54,35.59,21.84,1758,2604.64,30573.49,,,
STR002,2023-06,836471.97,579175.97,257296,77678.2,179617.8,30.76,21.47,327,1385.29,25110.27,,,
STR003,2023-06,886817.08,519922.85,366894.23,142622.89,224271.34,41.37,25.29,1786.441176,745.02,39404.59,,,
STR004,2023-06,1962959.56,981808.14,981151.42,96747.86,884403.56,49.98,45.05,2843,1874.58,22593.29,,,
STR005,2023-06,520509.38,282829.84,237679.54,107815.83,129863.71,45.66,24.95,995,2322.47,40622.88,,,
STR006,2023-06,1113336.26,681151.36,432184.9,80244.67,351940.23,38.82,31.61,1387,3402.74,67170.84,,,
STR007,2023-06,1101141.95,696074.25,405067.7,71109.83,333957.87,36.79,30.33,2535,518.68,72198.49,,,
STR008,2023-06,968790.6,520075.01,448715.59,43032.47,405683.12,46.32,41.88,1436,1914.85,23243.92,,,
STR009,2023-06,1493450.16,834524.54,658925.62,186398.14,472527.48,44.12,31.64,2058,2947.22,59038.96,,,
STR010,2023-06,523193.95,259269.83,263924.12,96802.75,167121.37,50.44,31.94,541,1632,29482.13,,,
STR001,2023-07,1890450.44,1121006.13,769444.31,121147.1,648297.21,40.70,34.29,2827,3102.51,119010.64,,,
STR002,2023-07,1161691.72,570962.62,590729.1,132967.15,457761.95,50.85,39.4,967,2204.61,80351.31,,,
STR003,2023-07,1717989.81,927838.14,790151.67,100930.03,689221.64,45.99,40.12,1381,3491.86,92093.34,,,
STR004,2023-07,1583673.18,799116.14,784557.04,139367.49,645189.55,49.54,40.74,2008,2589.28,13085.84,,,
STR005,2023-07,563979.6,271727.03,292252.57,147675.79,144576.78,51.82,25.64,444,1197.93,5013.07,,,
STR006,2023-07,1989318.32,1226856.24,762462.08,165927.95,596534.13,38.33,29.99,2010,1383.79,17874.52,,,
STR007,2023-07,1573839.26,916304.46,657534.8,151687.98,505846.82,41.78,32.14,1354,849.68,94936.23,,,
STR008,2023-07,1394222.06,736620.83,657601.23,100433.42,557167.81,47.17,39.96,1229,2299.88,50552.11,,,
STR009,2023-07,604071.11,302510.56,301560.55,190828.9,110731.65,49.92,18.33,1290,1221.48,23881.02,,,
STR010,2023-07,765103.44,482798.38,282305.06,158750.22,123554.84,36.90,16.15,2042,2296.19,16224.75,,,
STR001,2023-08,1137168.36,640114.8,497053.56,170591.72,326461.84,43.71,28.71,373,3108.9,22354.15,,,
STR002,2023-08,1552772.38,972527.03,580245.35,83464.9,496780.45,37.37,31.99,329,1168.79,10782.18,,,
STR003,2023-08,441699.41,206687.28,235012.13,32670.33,202341.8,53.21,45.81,2193,2405.37,34451.67,,,
STR004,2023-08,331255.11,196380,134875.11,72601.38,62273.73,40.72,18.8,2026,360.05,13189.29,,,
STR005,2023-08,1037961.73,575607.86,462353.87,159257.73,303096.14,44.54,29.2,1100,3136.51,50124.08,,,
STR006,2023-08,32,488617.95,573548.27,145261.42,428286.85,54.00,40.32,678,1285.86,34127.82,,,
STR007,2023-08,207792.07,131186.89,76605.18,187119.46,110514.28,36.87,-53.19,2265,3024.15,7891.37,,,
STR008,2023-08,1574195.99,779463.48,794732.51,33162.56,761569.95,50.48,48.38,2314,3060.67,72645.15,,,
STR009,2023-08,434358.8,288450.92,145907.88,132014.07,13893.81,33.59,3.2,1359,2625.47,6580.12,,,
STR010,2023-08,1940095.33,1295665.9,644429.43,61822.59,582606.84,33.22,30.03,958,550.31,152442.79,,,
STR001,2023-09,1168164.46,812993.01,355171.45,36672.78,318498.67,30.40,27.26,1786,1951.61,58936.1,,,
STR002,2023-09,1778687.72,965642.26,813045.46,171007.77,642037.69,45.71,36.1,1439,991.65,43018.39,,,
STR003,2023-09,444396.34,215223.4,229172.94,167010.07,62162.87,51.57,13.99,2067,3159.46,24722.32,,,
STR004,2023-09,1375157.6,619119.21,756038.39,36432.06,719606.33,54.98,52.33,1799,1152.6,77014.9,,,
STR005,2023-09,1621184.54,988111.66,633072.88,133959.78,499113.1,39.05,30.79,896,2149.99,71689.51,,,
STR006,2023-09,1713578.45,962162.6,751415.85,45721.79,705694.06,43.85,41.18,425,2246.08,26752.35,,,
STR007,2023-09,1456639.23,722903.02,733736.21,144499.37,589236.84,50.37,40.45,639,878.72,41347.85,,,
STR008,2023-09,583315.05,402796.11,180518.94,156175.36,24343.58,30.95,4.17,2114,1157.4,29768.96,,,
STR009,2023-09,524665.77,340044.22,184621.55,34891.43,149730.12,35.19,28.54,1272,1053.55,18928.96,,,
STR010,2023-09,233070.01,412299.81,254472,103745.82,150726.18,38.16,22.61,273,318.71,6223.82,,,
STR001,2023-10,288731.81,150947.5,137784.31,97666.78,40117.53,47.72,13.89,1447,2775.77,6604.21,,,
STR002,2023-10,402016.29,259797.4,142218.89,162224.37,20005.48,35.38,-4.98,579,1720.08,801.93,,,
STR003,2023-10,1874559.82,1135631.06,738928.76,107247.04,631681.72,39.42,33.7,1937,2066.56,67491.02,,,
STR004,2023-10,1828311.58,1085395.57,742916.01,117615.11,625300.9,40.63,34.2,2209,1830.05,59078.27,,,
STR005,2023-10,613464.13,339199.06,274265.07,118700.69,155564.38,44.71,25.36,1086,2193.06,41077.02,,,
STR006,2023-10,1147580.92,740557.88,407023.04,160406.17,246616.87,35.47,21.49,1001,372.16,49429.73,,,
STR007,2023-10,883307.1,444805.63,438501.47,68684.22,369817.25,49.64,41.87,662,2736.51,22208.48,,,
STR008,2023-10,1656080.26,1098301.93,557778.33,184162.09,373616.24,33.68,22.56,2518,2625.17,7933.51,,,
STR009,2023-10,646972.33,385418.09,261554.24,140030.05,121524.19,40.43,18.78,551,333.02,6894.39,,,
STR010,2023-10,509123.63,289833.88,219289.75,147607.06,71682.69,43.07,14.08,2894,3390.57,24514.81,,,
STR001,2023-11,499675.88,261632.75,238043.13,186235.58,51807.55,47.64,10.37,2317,3191.76,18531.14,,,
STR002,2023-11,1068793.74,614570.91,454222.83,62335.99,391886.84,42.50,36.67,2180,2643.81,44772.02,,,
STR003,2023-11,839553.01,416794.21,422758.8,132777.45,289981.35,50.36,34.54,2567,1894.1,49091.24,,,
STR004,2023-11,1509981.36,986121.89,523859.47,41916.95,481942.52,34.69,31.92,1125,310.58,115260.54,,,
STR005,2023-11,702507.58,444339.16,258168.42,155150.41,103018.01,36.75,14.66,1210,1093.06,24405.04,,,
STR006,2023-11,1001824.55,619016.81,382807.74,44854.08,337953.66,38.21,33.73,2296,1562.16,39308.82,,,
STR007,2023-11,1038623.05,602330.63,436292.42,114288.72,322003.7,42.01,31,1679,2555.14,46292.02,,,
STR008,2023-11,561166.45,317407.91,243758.54,70863.57,172894.97,43.44,30.81,1429,3001.19,18417.94,,,
STR009,2023-11,781842.76,487288.1,294554.66,146764.92,147789.74,37.67,18.9,1770,2567.05,46041.41,,,
STR010,2023-11,1076100.49,650637.09,425463.4,195566.72,229896.68,39.54,21.36,1753.828571,2510.12,82914.97,,,
STR001,2023-12,1362982.71,644159.53,718823.18,115111.82,603711.36,52.74,44.29,936,2791.94,102261.04,,,
STR002,2023-12,1595959.78,775355.18,820604.6,178205.83,642398.77,51.42,40.25,2314,2465.5,16944.9,,,
STR003,2023-12,1481834,766571.42,715262.58,187515.96,527746.62,48.27,35.61,2560,1474.3,115966.37,,,
STR004,2023-12,1672357.99,954107.97,718250.02,126431.46,591818.56,42.95,35.39,1670,1367.01,40514.96,,,
STR005,2023-12,600331.9,409348.26,190983.64,190862.9,120.74,31.81,0.02,2549,3174.41,20064.14,,,
STR006,2023-12,1285709.37,742997.25,542712.12,39528.1,503184.02,42.21,39.14,2931,1455.41,15217.24,,,
STR007,2023-12,273095.41,145294.64,127800.77,49672.84,78127.93,46.80,28.61,1361,1762.23,16083.67,,,
STR008,2023-12,1748334.71,1184994.08,563340.63,137767.67,425572.96,32.22,24.34,1889,1154.19,40148,,,
STR009,2023-12,661206.07,313292.56,347913.51,39987.89,307925.62,52.62,46.57,1563,3279.41,24910.67,,,
STR010,2023-12,1415184.12,921511.55,493672.57,44897.97,448774.6,34.88,31.71,753,344.4,12670.14,,,
STR001,2024-01,1453005.46,703002.79,750002.67,100305.08,649697.59,51.62,44.71,2046,379.72,52736.05,,,
STR002,2024-01,1504227.14,849650.82,654576.32,151325.16,503251.16,43.52,33.46,2339,670.68,37422.92,,,
STR003,2024-01,1222669.24,765660.71,457008.53,49237.94,407770.59,37.38,33.35,2172,3377.56,7831.26,,,
STR004,2024-01,299350.41,209321.96,90028.45,140002.65,49974.2,30.07,-16.69,1696,2010.8,23012.28,,,
STR005,2024-01,279603.55,195112.5,84491.05,154690.97,70199.92,30.22,-25.11,2265,407.59,11880.28,,,
STR006,2024-01,1736847.33,942079,794768.33,93381.3,701387.03,45.76,40.38,1365,1403.74,42807.78,,,
STR007,2024-01,1436683.8,948602.87,488080.93,68398.48,419682.45,33.97,29.21,1868,1229.89,98311.2,,,
STR008,2024-01,489051.76,304050.19,185001.57,70142.07,114859.5,37.83,23.49,1176,663.39,7508.55,,,
STR009,2024-01,837743.03,503980.86,333762.17,144034.56,189727.61,39.84,22.65,2650,2570.61,54275.89,,,
STR010,2024-01,228593.44,158330.7,70262.74,176032.05,105769.31,30.74,-46.27,1057,1839.58,2654.5,,,
STR001,2024-02,1813911.51,1222483.35,591428.16,180033.24,411394.92,32.61,22.68,569,1100.26,100377.14,,,
STR002,2024-02,279253.93,184874.76,94379.17,178218.77,83839.6,33.80,-30.02,1565,1794,1030.78,,,
STR003,2024-02,1514333.85,880739.62,633594.23,176089.61,457504.62,41.84,30.21,1344,1787.8,9477.86,,,
STR004,2024-02,344822.21,194793.46,150028.75,160306.38,10277.63,43.51,-2.98,1720.314286,949.99,15295.64,,,
STR005,2024-02,1062684.81,690218.44,372466.37,169619.52,202846.85,35.05,19.09,2053,1884.91,7064.01,,,
STR006,2024-02,1002036.87,591460.53,410576.34,66668.18,343908.16,40.97,34.32,2019,2672.89,33316.51,,,
STR007,2024-02,233070.01,252309.82,287503.15,172979.91,114523.24,53.26,21.22,2148,3305.06,15867.97,,,
STR008,2024-02,642055.9,421706.94,220348.96,108907.15,111441.81,34.32,17.36,2493,3472.14,21676.79,,,
STR009,2024-02,209649.77,120786.67,88863.1,94759.4,5896.3,42.39,-2.81,1816,2448.04,2217.9,,,
STR010,2024-02,635204.39,419566.75,215637.64,175892.19,39745.45,33.95,6.26,2406,910.93,15291.55,,,
STR001,2024-03,1832892.43,1189769.99,643122.44,152123.7,490998.74,35.09,26.79,706,591.81,103555.01,,,
STR002,2024-03,1137039.88,698990.8,438049.08,83121.74,354927.34,38.53,31.22,2565,2727.18,58111.91,,,
STR003,2024-03,1801847.86,850673.25,951174.61,110316.77,840857.84,52.79,46.67,2918,3373.32,11255.34,,,
STR004,2024-03,1941523.33,1194393.16,747130.17,80807.96,666322.21,38.48,34.32,1797,3168.67,97948.62,,,
STR005,2024-03,1555541.65,969553.49,585988.16,99125.07,486863.09,37.67,31.3,1092,724.68,36809.15,,,
STR006,2024-03,996507.85,489233.12,507274.73,153760.11,353514.62,50.91,35.48,1936,2631.54,33019.79,,,
STR007,2024-03,223014.52,137943.34,85071.18,144256.23,59185.05,38.15,-26.54,1823,1701.79,11749.27,,,
STR008,2024-03,1830180.12,916000.81,914179.31,76361.03,837818.28,49.95,45.78,319,1126.87,117649.57,,,
STR009,2024-03,1806006.71,831271.02,974735.69,60493.28,914242.41,53.97,50.62,895,1911.99,134414.14,,,
STR010,2024-03,1034166,587920.55,446245.45,33708.86,412536.59,43.15,39.89,880,3187.73,61121.79,,,
STR001,2024-04,1341330.35,632204.72,709125.63,150237.45,558888.18,52.87,41.67,2295,2258.63,17158.26,,,
STR002,2024-04,577722.24,288941.35,288780.89,78716.45,210064.44,49.99,36.36,2380,1321.28,20387.38,,,
STR003,2024-04,1340637.8,870777.18,469860.62,83124.95,386735.67,35.05,28.85,416,3191.47,57382.87,,,
STR004,2024-04,846670.02,398964.14,447705.88,137574.52,310131.36,52.88,36.63,976,747.82,13078.87,,,
STR005,2024-04,1365752.36,645567.07,720185.29,111563.1,608622.19,52.73,44.56,1448,817.77,50181.33,,,
STR006,2024-04,1703920.76,1021473.11,682447.65,54418.68,628028.97,40.05,36.86,1442,1818.76,118255.62,,,
STR007,2024-04,353010.64,171507.36,181503.28,98106.13,83397.15,51.42,23.62,2618,3428.23,20938.68,,,
STR008,2024-04,1385607.28,684484.88,701122.4,174928.57,526193.83,50.60,37.98,2190,2803.15,6132.95,,,
STR009,2024-04,1780214.15,859807.62,920406.53,83943.96,836462.57,51.70,46.99,2372,1685.37,37086.28,,,
STR010,2024-04,1001478.71,572106.44,429372.27,33336.72,396035.55,42.87,39.55,2041,2172.72,16130.89,,,
STR001,2024-05,1190622.59,548849.06,641773.53,59050.45,582723.08,53.90,48.94,1572,2109.57,62820.14,,,
STR002,2024-05,411771.51,200668.68,211102.83,76518.27,134584.56,51.27,32.68,262,3366.55,18435.04,,,
STR003,2024-05,219410.12,123639.51,95770.61,184029.36,88258.75,43.65,-40.23,2550,2648.21,7390.02,,,
STR004,2024-05,1495530.26,894680.57,600849.69,113169.53,487680.16,40.18,32.61,458,2836.77,76978.85,,,
STR005,2024-05,1226685.44,731000.29,495685.15,195991.53,299693.62,40.41,24.43,1601.114286,2769.87,85789.38,,,
STR006,2024-05,1975949.03,921837.42,1054111.61,193216.2,860895.41,53.35,43.57,1739,583.03,64725.87,,,
STR007,2024-05,1806369.74,889060.51,917309.23,91830.7,825478.53,50.78,45.7,1015,1383.62,85977.54,,,
STR008,2024-05,1813709.86,958502.48,855207.38,80656.46,774550.92,47.15,42.71,460,3181.84,59055.39,,,
STR009,2024-05,763885.29,530616.99,233268.3,114865.8,118402.5,30.54,15.5,1350,2693.03,56603.11,,,
STR010,2024-05,1224974.83,806596.48,418378.35,38656.77,379721.58,34.15,31,232,628.52,83065.99,,,
STR001,2024-06,470161.52,313693.95,156467.57,60407.35,96060.22,33.28,20.43,410,1642.66,11641.89,,,
STR002,2024-06,384275.53,225044.12,159231.41,123392.16,35839.25,41.44,9.33,1310,752.98,21653.27,,,
STR003,2024-06,1929046.34,1253023.25,676023.09,79165.44,596857.65,35.04,30.94,344,2524.16,92229.48,,,
STR004,2024-06,1099431.47,759969.32,339462.15,168002.27,171459.88,30.88,15.6,267,418.54,4930.24,,,
STR005,2024-06,929648.67,601914.68,327733.99,92971.48,234762.51,35.25,25.25,2101,2552.49,101.42,,,
STR006,2024-06,1845938.89,1021964.39,823974.5,124488.35,699486.15,44.64,37.89,2526,2716.78,20220.72,,,
STR007,2024-06,1983190.37,953300.85,1029889.52,172478.55,857410.97,51.93,43.23,2244,1191.26,113199.52,,,
STR008,2024-06,854181.64,524773.03,329408.61,45352.07,284056.54,38.56,33.25,775,1055.33,39017.2,,,
STR009,2024-06,709265.91,474664.93,234600.98,134198.37,100402.61,33.08,14.16,1280,1954.31,24726.45,,,
STR010,2024-06,233070.01,541302.21,435916.1,114269.55,321646.55,44.61,32.91,2570,2206.69,43334.12,,,
STR001,2024-07,1583534.76,889257,694277.76,136496.98,557780.78,43.84,35.22,681,3175.33,121670.43,,,
STR002,2024-07,709881.85,362896.05,346985.8,42111.29,304874.51,48.88,42.95,2711,3155.18,30699.67,,,
STR003,2024-07,747327.52,482964.44,264363.08,74275.33,190087.75,35.37,25.44,2777,1814.11,10108.61,,,
STR004,2024-07,1618001.36,745419.11,872582.25,50091.81,822490.44,53.93,50.83,2878,2435.41,59331.51,,,
STR005,2024-07,1329149.04,726007.55,603141.49,147427.61,455713.88,45.38,34.29,2374,404.69,45287.01,,,
STR006,2024-07,534811.55,291708.89,243102.66,124157.38,118945.28,45.46,22.24,372,2932.96,12920.74,,,
STR007,2024-07,1247453.52,646484.3,600969.22,164213.76,436755.46,48.18,35.01,2837,3318.32,35537.19,,,
STR008,2024-07,1100447.35,528391.52,572055.83,142916.91,429138.92,51.98,39,2577,3338.96,82010.23,,,
STR009,2024-07,233070.01,315187.53,181783.34,113516.71,68266.63,36.58,13.74,819,2078.16,36690.48,,,
STR010,2024-07,723394.16,413690.4,309703.76,112637.16,197066.6,42.81,27.24,2620,2618.77,54126.14,,,
STR001,2024-08,206359.22,132348.27,74010.95,32075.32,41935.63,35.87,20.32,2238,3037.32,8972.52,,,
STR002,2024-08,291307.13,133199.65,158107.48,183559.71,25452.23,54.28,-8.74,406,638.97,1253.78,,,
STR003,2024-08,292915.79,204335.48,88580.31,167512.28,78931.97,30.24,-26.95,2757,387.35,11359.51,,,
STR004,2024-08,1420540.08,949721.74,470818.34,55322.12,415496.22,33.14,29.25,2573,1045.55,8186.11,,,
STR005,2024-08,685620.89,470695.11,214925.78,122213.97,92711.81,31.35,13.52,1048,2820.61,4440.58,,,
STR006,2024-08,1253374.86,718841.97,534532.89,155775.52,378757.37,42.65,30.22,1119,385.89,245.33,,,
STR007,2024-08,1400018.62,962561.39,437457.23,197878.94,239578.29,31.25,17.11,2294,1192.45,86017.09,,,
STR008,2024-08,653254.51,438426.03,214828.48,70473.07,144355.41,32.89,22.1,700,2774.21,16378.94,,,
STR009,2024-08,1345973.95,753741.91,592232.04,62116.39,530115.65,44.00,39.39,423,1035.55,3861.57,,,
STR010,2024-08,1829131.66,1219863.54,609268.12,69423.98,539844.14,33.31,29.51,448,1990.59,61752.15,,,
STR001,2024-09,210350.99,141077.3,69273.69,70439.32,1165.63,32.93,-0.55,1463.333333,2410.31,7635.55,,,
STR002,2024-09,967638.34,478734.95,488903.39,131340.63,357562.76,50.53,36.95,2627,2314.31,53423.3,,,
STR003,2024-09,428278.4,200954.89,227323.51,163239.68,64083.83,53.08,14.96,1232,724.12,9626.74,,,
STR004,2024-09,1523827.5,871970.18,651857.32,33240.71,618616.61,42.78,40.6,2732,446.57,85492.43,,,
STR005,2024-09,1785525.05,1131916.1,653608.95,39317.98,614290.97,36.61,34.4,2963,1464.77,7365.3,,,
STR006,2024-09,672818.64,463576.52,209242.12,171821.32,37420.8,31.10,5.56,2135,697.37,35843.12,,,
STR007,2024-09,394466,202231.86,192234.14,114536.54,77697.6,48.73,19.7,2773,3315.69,937.99,,,
STR008,2024-09,1698201.5,1077184.65,621016.85,166993.07,454023.78,36.57,26.74,1166,3293.6,29617.77,,,
STR009,2024-09,668403.13,418748.36,249654.77,104193.08,145461.69,37.35,21.76,2227,430.53,19063.93,,,
STR010,2024-09,768530.27,358041.07,410489.2,181789.12,228700.08,53.41,29.76,1908,3145.25,7189.8,,,
STR001,2024-10,995375.65,597528.13,397847.52,31117.41,366730.11,39.97,36.84,2441,1189.96,50058.27,,,
STR002,2024-10,1002505.28,540256.19,462249.09,86496.46,375752.63,46.11,37.48,1011,2581.28,53804.08,,,
STR003,2024-10,1744145.09,791058.32,953086.77,48963.4,904123.37,54.64,51.84,915,3212.42,103109.29,,,
STR004,2024-10,434967.92,214466.26,220501.66,38492.86,182008.8,50.69,41.84,1458,2926.37,3385.52,,,
STR005,2024-10,889318.99,503655.33,385663.66,36948.64,348715.02,43.37,39.21,1700,860.86,39755.44,,,
STR006,2024-10,233070.01,355218.28,362621.98,184154.84,178467.14,50.52,24.86,2841,1083.2,6854.21,,,
STR007,2024-10,1528037.04,1004803.72,523233.32,114682.93,408550.39,34.24,26.74,309,3410.63,46774.19,,,
STR008,2024-10,392265.22,197516.19,194749.03,76673.05,118075.98,49.65,30.1,1872,1113.78,18498.63,,,
STR009,2024-10,1476252.46,843382.85,632869.61,113808.05,519061.56,42.87,35.16,806,695.69,11051.57,,,
STR010,2024-10,1320854.04,807761.62,513092.42,106215.32,406877.1,38.85,30.8,1986,366.58,30433.62,,,
STR001,2024-11,1676218.5,841309.82,834908.68,61422.8,773485.88,49.81,46.14,425,2390.49,4924.2,,,
STR002,2024-11,1160272.87,804556.96,355715.91,158476.3,197239.61,30.66,17,2107,2116.93,8624.65,,,
STR003,2024-11,233070.01,752084.66,634395.49,59817.89,574577.6,45.76,41.44,1167,1851.74,88665.07,,,
STR004,2024-11,1300206.6,856625.57,443581.03,40872.79,402708.24,34.12,30.97,635,665.37,61887.48,,,
STR005,2024-11,320610.65,201130.05,119480.6,64801.14,54679.46,37.27,17.05,1571,1063.62,2912.62,,,
STR006,2024-11,698990.66,488303.16,210687.5,41343.22,169344.28,30.14,24.23,1681,2159.41,31626.51,,,
STR007,2024-11,1422567.85,694475.09,728092.76,135734.35,592358.41,51.18,41.64,594,2732.55,75234.56,,,
STR008,2024-11,1082645.44,588608.61,494036.83,191280.85,302755.98,45.63,27.96,1496,2046.38,41127.89,,,
STR009,2024-11,1762711.6,872830.87,889880.73,58610.15,831270.58,50.48,47.16,2283,2932.23,79427.42,,,
STR010,2024-11,545962.34,292614.98,253347.36,69457.53,183889.83,46.40,33.68,1099,2180.51,29917.6,,,
STR001,2024-12,1736892.72,1071227.08,665665.64,172462.45,493203.19,38.33,28.4,1422,1359.56,12186.41,,,
STR002,2024-12,1644230.9,1027068.59,617162.31,46534.71,570627.6,37.54,34.7,1471,2490.33,93420.71,,,
STR003,2024-12,1751625.97,938367.05,813258.92,44348.25,768910.67,46.43,43.9,794,2205.74,115148.22,,,
STR004,2024-12,1308131.35,609298.19,698833.16,64448.99,634384.17,53.42,48.5,1581,2896.87,102786.97,,,
STR005,2024-12,1061288.24,726756.37,334531.87,128620.3,205911.57,31.52,19.4,1059,2710.16,64601.54,,,
STR006,2024-12,1763022.65,1070153.01,692869.64,110926.92,581942.72,39.30,33.01,689,1494.25,103377.62,,,
STR007,2024-12,1135908.04,650928.56,484979.48,109223.71,375755.77,42.70,33.08,1402,2418.7,44550.35,,,
STR008,2024-12,643424.04,334215.96,309208.08,163326.45,145881.63,48.06,22.67,793,1461.59,36838.41,,,
STR009,2024-12,1393647.82,701142.88,692504.94,199660.77,492844.17,49.69,35.36,216,1983.25,63638.18,,,
STR010,2024-12,1859124.07,1233274.95,625849.12,151583.86,474265.26,33.66,25.51,2118,719.71,43636.47,,,
